Legislator,State,Jurisdiction,Sen./Rep.,Party Affiliation,Active,Legislature
Larson John,CT,Connecticut Congressional District 1,Rep.,D,True,116th
DeLauro Rosa,CT,Connecticut Congressional District 3,Rep.,D,True,116th
Himes Jim,CT,Connecticut Congressional District 4,Rep.,D,True,116th
Hayes Jahana,CT,Connecticut Congressional District 5,Rep.,D,True,116th
Courtney Joe,CT,Connecticut Congressional District 2,Rep.,D,True,116th
Pingree Chellie,ME,Maine Congressional District 1,Rep.,D,True,116th
Golden Jared,ME,Maine Congressional District 2,Rep.,D,True,116th
Neal Richie,MA,Massachusetts Congressional District 1,Rep.,D,True,116th
Trahan Lori,MA,Massachusetts Congressional District 3,Rep.,D,True,116th
Clark Katherine,MA,Massachusetts Congressional District 5,Rep.,D,True,116th
Kennedy Joe,MA,Massachusetts Congressional District 4,Rep.,D,True,116th
Pressley Ayanna,MA,Massachusetts Congressional District 7,Rep.,D,True,116th
McGovern Jim,MA,Massachusetts Congressional District 2,Rep.,D,True,116th
Keating Bill,MA,Massachusetts Congressional District 9,Rep.,D,True,116th
Moulton Seth,MA,Massachusetts Congressional District 6,Rep.,D,True,116th
Lynch Stephen,MA,Massachusetts Congressional District 8,Rep.,D,True,116th
Pappas Chris,NH,New Hampshire Congressional District 1,Rep.,D,True,116th
Kuster Annie,NH,New Hampshire Congressional District 2,Rep.,D,True,116th
Cicilline David,RI,Rhode Island Congressional District 1,Rep.,D,True,116th
Langevin Jim,RI,Rhode Island Congressional District 2,Rep.,D,True,116th
Welch Peter,VT,Vermont Congressional District (at Large),Rep.,D,True,116th
Norcross Donald,NJ,New Jersey Congressional District 1,Rep.,D,True,116th
Kim Andy,NJ,New Jersey Congressional District 3,Rep.,D,True,116th
Payne Donald,NJ,New Jersey Congressional District 10,Rep.,D,True,116th
Smith Chris,NJ,New Jersey Congressional District 4,Rep.,R,True,116th
Gottheimer Josh,NJ,New Jersey Congressional District 5,Rep.,D,True,116th
Malinowski Tom,NJ,New Jersey Congressional District 7,Rep.,D,True,116th
Van Drew Jeff,NJ,New Jersey Congressional District 2,Rep.,R,True,116th
Pascrell Bill,NJ,New Jersey Congressional District 9,Rep.,D,True,116th
Sherrill Mikie,NJ,New Jersey Congressional District 11,Rep.,D,True,116th
Pallone Frank,NJ,New Jersey Congressional District 6,Rep.,D,True,116th
Coleman Bonnie Watson,NJ,New Jersey Congressional District 12,Rep.,D,True,116th
Sires Albio,NJ,New Jersey Congressional District 8,Rep.,D,True,116th
Zeldin Lee,NY,New York Congressional District 1,Rep.,R,True,116th
Velázquez Nydia,NY,New York Congressional District 7,Rep.,D,True,116th
Jacobs Chris,NY,New York Congressional District 27,Rep.,R,True,116th
Lowey Nita,NY,New York Congressional District 17,Rep.,D,True,116th
Ocasio-Cortez Alexandria,NY,New York Congressional District 14,Rep.,D,True,116th
Meng Grace,NY,New York Congressional District 6,Rep.,D,True,116th
Meeks Gregory,NY,New York Congressional District 5,Rep.,D,True,116th
Katko John,NY,New York Congressional District 24,Rep.,R,True,116th
Engel Eliot,NY,New York Congressional District 16,Rep.,D,True,116th
Rose Max,NY,New York Congressional District 11,Rep.,D,True,116th
Serrano José,NY,New York Congressional District 15,Rep.,D,True,116th
Reed Tom,NY,New York Congressional District 23,Rep.,R,True,116th
Jeffries Hakeem,NY,New York Congressional District 8,Rep.,D,True,116th
Maloney Carolyn,NY,New York Congressional District 12,Rep.,D,True,116th
Maloney Sean Patrick,NY,New York Congressional District 18,Rep.,D,True,116th
King Pete,NY,New York Congressional District 2,Rep.,R,True,116th
Tonko Paul,NY,New York Congressional District 20,Rep.,D,True,116th
Morelle Joe,NY,New York Congressional District 25,Rep.,D,True,116th
Suozzi Tom,NY,New York Congressional District 3,Rep.,D,True,116th
Stefanik Elise,NY,New York Congressional District 21,Rep.,R,True,116th
Nadler Jerry,NY,New York Congressional District 10,Rep.,D,True,116th
Rice Kathleen,NY,New York Congressional District 4,Rep.,D,True,116th
Espaillat Adriano,NY,New York Congressional District 13,Rep.,D,True,116th
Higgins Brian,NY,New York Congressional District 26,Rep.,D,True,116th
Brindisi Anthony,NY,New York Congressional District 22,Rep.,D,True,116th
Clarke Yvette,NY,New York Congressional District 9,Rep.,D,True,116th
Delgado Antonio,NY,New York Congressional District 19,Rep.,D,True,116th
Fitzpatrick Brian,PA,Pennsylvania Congressional District 1,Rep.,R,True,116th
Doyle Mike,PA,Pennsylvania Congressional District 18,Rep.,D,True,116th
Wild Susan,PA,Pennsylvania Congressional District 7,Rep.,D,True,116th
Boyle Brendan,PA,Pennsylvania Congressional District 2,Rep.,D,True,116th
Lamb Conor,PA,Pennsylvania Congressional District 17,Rep.,D,True,116th
Reschenthaler Guy,PA,Pennsylvania Congressional District 14,Rep.,R,True,116th
Houlahan Chrissy,PA,Pennsylvania Congressional District 6,Rep.,D,True,116th
Evans Dwight,PA,Pennsylvania Congressional District 3,Rep.,D,True,116th
Perry Scott,PA,Pennsylvania Congressional District 10,Rep.,R,True,116th
Dean Madeleine,PA,Pennsylvania Congressional District 4,Rep.,D,True,116th
Scanlon Mary Gay,PA,Pennsylvania Congressional District 5,Rep.,D,True,116th
Kelly Mike,PA,Pennsylvania Congressional District 16,Rep.,R,True,116th
Joyce John,PA,Pennsylvania Congressional District 13,Rep.,R,True,116th
Smucker Lloyd,PA,Pennsylvania Congressional District 11,Rep.,R,True,116th
Meuser Dan,PA,Pennsylvania Congressional District 9,Rep.,R,True,116th
Thompson Glenn,PA,Pennsylvania Congressional District 15,Rep.,R,True,116th
Keller Fred,PA,Pennsylvania Congressional District 12,Rep.,R,True,116th
Cartwright Matt,PA,Pennsylvania Congressional District 8,Rep.,D,True,116th
Rush Bobby,IL,Illinois Congressional District 1,Rep.,D,True,116th
LaHood Darin,IL,Illinois Congressional District 18,Rep.,R,True,116th
Davis Danny,IL,Illinois Congressional District 7,Rep.,R,True,116th
Kelly Robin,IL,Illinois Congressional District 2,Rep.,D,True,116th
Underwood Lauren,IL,Illinois Congressional District 14,Rep.,D,True,116th
Quigley Mike,IL,Illinois Congressional District 5,Rep.,D,True,116th
Kinzinger Adam,IL,Illinois Congressional District 16,Rep.,R,True,116th
Davis Rodney,IL,Illinois Congressional District 13,Rep.,R,True,116th
Bustos Cheri,IL,Illinois Congressional District 17,Rep.,D,True,116th
Casten Sean,IL,Illinois Congressional District 6,Rep.,D,True,116th
Lipinski Dan,IL,Illinois Congressional District 3,Rep.,D,True,116th
Schneider Brad,IL,Illinois Congressional District 10,Rep.,D,True,116th
Garcia Chuy,IL,Illinois Congressional District 4,Rep.,D,True,116th
Foster Bill,IL,Illinois Congressional District 11,Rep.,D,True,116th
Schakowsky Jan,IL,Illinois Congressional District 9,Rep.,D,True,116th
Shimkus John,IL,Illinois Congressional District 15,Rep.,R,True,116th
Bost Mike,IL,Illinois Congressional District 12,Rep.,R,True,116th
Krishnamoorthi Raja,IL,Illinois Congressional District 8,Rep.,D,True,116th
Walorski Jackie,IN,Indiana Congressional District 2,Rep.,R,True,116th
Hollingsworth Trey,IN,Indiana Congressional District 9,Rep.,R,True,116th
Pence Greg,IN,Indiana Congressional District 6,Rep.,R,True,116th
Bucshon Larry,IN,Indiana Congressional District 8,Rep.,R,True,116th
Visclosky Pete,IN,Indiana Congressional District 1,Rep.,D,True,116th
Banks Jim,IN,Indiana Congressional District 3,Rep.,R,True,116th
Brooks Susan,IN,Indiana Congressional District 5,Rep.,R,True,116th
Baird Jim,IN,Indiana Congressional District 4,Rep.,R,True,116th
Carson André,IN,Indiana Congressional District 7,Rep.,D,True,116th
Bergman Jack,MI,Michigan Congressional District 1,Rep.,R,True,116th
Walberg Tim,MI,Michigan Congressional District 7,Rep.,R,True,116th
Huizenga Bill,MI,Michigan Congressional District 2,Rep.,R,True,116th
Upton Fred,MI,Michigan Congressional District 6,Rep.,R,True,116th
Lawrence Brenda,MI,Michigan Congressional District 14,Rep.,D,True,116th
Amash Justin,MI,Michigan Congressional District 3,Rep.,L,True,116th
Mitchell Paul,MI,Michigan Congressional District 10,Rep.,R,True,116th
Kildee Dan,MI,Michigan Congressional District 5,Rep.,D,True,116th
Moolenaar John,MI,Michigan Congressional District 4,Rep.,R,True,116th
Tlaib Rashida,MI,Michigan Congressional District 13,Rep.,D,True,116th
Stevens Haley,MI,Michigan Congressional District 11,Rep.,D,True,116th
Levin Andy,MI,Michigan Congressional District 9,Rep.,D,True,116th
Dingell Debbie,MI,Michigan Congressional District 12,Rep.,D,True,116th
Slotkin Elissa,MI,Michigan Congressional District 8,Rep.,D,True,116th
Chabot Steve,OH,Ohio Congressional District 1,Rep.,R,True,116th
Gibbs Bob,OH,Ohio Congressional District 7,Rep.,R,True,116th
Wenstrup Brad,OH,Ohio Congressional District 2,Rep.,R,True,116th
Joyce David,OH,Ohio Congressional District 14,Rep.,R,True,116th
Johnson Bill,OH,Ohio Congressional District 6,Rep.,R,True,116th
Beatty Joyce,OH,Ohio Congressional District 3,Rep.,D,True,116th
Turner Mike,OH,Ohio Congressional District 10,Rep.,R,True,116th
Jordan Jim,OH,Ohio Congressional District 4,Rep.,R,True,116th
Latta Bob,OH,Ohio Congressional District 5,Rep.,R,True,116th
Gonzalez Anthony,OH,Ohio Congressional District 16,Rep.,R,True,116th
Ryan Tim,OH,Ohio Congressional District 13,Rep.,D,True,116th
Stivers Steve,OH,Ohio Congressional District 15,Rep.,R,True,116th
Fudge Marcia,OH,Ohio Congressional District 11,Rep.,D,True,116th
Kaptur Marcy,OH,Ohio Congressional District 9,Rep.,D,True,116th
Davidson Warren,OH,Ohio Congressional District 8,Rep.,R,True,116th
Balderson Troy,OH,Ohio Congressional District 12,Rep.,R,True,116th
Steil Bryan,WI,Wisconsin Congressional District 1,Rep.,R,True,116th
Kind Ron,WI,Wisconsin Congressional District 3,Rep.,D,True,116th
Moore Gwen,WI,Wisconsin Congressional District 4,Rep.,D,True,116th
Sensenbrenner Jim,WI,Wisconsin Congressional District 5,Rep.,R,True,116th
Tiffany Tom,WI,Wisconsin Congressional District 7,Rep.,R,True,116th
Pocan Mark,WI,Wisconsin Congressional District 2,Rep.,D,True,116th
Grothman Glenn,WI,Wisconsin Congressional District 6,Rep.,R,True,116th
Gallagher Mike,WI,Wisconsin Congressional District 8,Rep.,R,True,116th
Finkenauer Abby,IA,Iowa Congressional District 1,Rep.,D,True,116th
King Steve,IA,Iowa Congressional District 4,Rep.,R,True,116th
Loebsack Dave,IA,Iowa Congressional District 2,Rep.,D,True,116th
Axne Cindy,IA,Iowa Congressional District 3,Rep.,D,True,116th
Marshall Roger,KS,Kansas Congressional District 1,Rep.,R,True,116th
Davids Sharice,KS,Kansas Congressional District 3,Rep.,D,True,116th
Estes Ron,KS,Kansas Congressional District 4,Rep.,R,True,116th
Watkins Steve,KS,Kansas Congressional District 2,Rep.,R,True,116th
Peterson Collin,MN,Minnesota Congressional District 7,Rep.,D,True,116th
Craig Angie,MN,Minnesota Congressional District 2,Rep.,D,True,116th
Emmer Tom,MN,Minnesota Congressional District 6,Rep.,R,True,116th
Stauber Pete,MN,Minnesota Congressional District 8,Rep.,R,True,116th
Hagedorn Jim,MN,Minnesota Congressional District 1,Rep.,R,True,116th
Phillips Dean,MN,Minnesota Congressional District 3,Rep.,D,True,116th
McCollum Betty,MN,Minnesota Congressional District 4,Rep.,D,True,116th
Omar Ilhan,MN,Minnesota Congressional District 5,Rep.,D,True,116th
Clay Lacy,MO,Missouri Congressional District 1,Rep.,D,True,116th
Luetkemeyer Blaine,MO,Missouri Congressional District 3,Rep.,R,True,116th
Cleaver Emanuel,MO,Missouri Congressional District 5,Rep.,D,True,116th
Hartzler Vicky,MO,Missouri Congressional District 4,Rep.,R,True,116th
Long Billy,MO,Missouri Congressional District 7,Rep.,R,True,116th
Wagner Ann,MO,Missouri Congressional District 2,Rep.,R,True,116th
Graves Sam,MO,Missouri Congressional District 6,Rep.,R,True,116th
Smith Jason,MO,Missouri Congressional District 8,Rep.,R,True,116th
Fortenberry Jeff,NE,Nebraska Congressional District 1,Rep.,R,True,116th
Smith Adrian,NE,Nebraska Congressional District 3,Rep.,R,True,116th
Bacon Don,NE,Nebraska Congressional District 2,Rep.,R,True,116th
Armstrong Kelly,ND,North Dakota Congressional District (at Large),Rep.,R,True,116th
Johnson Dusty,SD,South Dakota Congressional District (at Large),Rep.,R,True,116th
Blunt Rochester Lisa,DE,Delaware Congressional District (at Large),Rep.,D,True,116th
Holmes Norton Eleanor,DC,District of Columbia Delegate District (at Large),Rep.,D,True,116th
Crist Charlie,FL,Florida Congressional District 13,Rep.,D,True,116th
Mucarsel-Powell Debbie,FL,Florida Congressional District 26,Rep.,D,True,116th
Deutch Ted,FL,Florida Congressional District 22,Rep.,D,True,116th
Soto Darren,FL,Florida Congressional District 9,Rep.,D,True,116th
Rooney Francis,FL,Florida Congressional District 19,Rep.,R,True,116th
Gaetz Matt,FL,Florida Congressional District 1,Rep.,R,True,116th
Murphy Stephanie,FL,Florida Congressional District 7,Rep.,D,True,116th
Shalala Donna,FL,Florida Congressional District 27,Rep.,D,True,116th
Steube Greg,FL,Florida Congressional District 17,Rep.,R,True,116th
Waltz Michael,FL,Florida Congressional District 6,Rep.,R,True,116th
Castor Kathy,FL,Florida Congressional District 14,Rep.,D,True,116th
Lawson Al,FL,Florida Congressional District 5,Rep.,D,True,116th
Wilson Frederica,FL,Florida Congressional District 24,Rep.,D,True,116th
Buchanan Vern,FL,Florida Congressional District 16,Rep.,R,True,116th
Webster Daniel,FL,Florida Congressional District 11,Rep.,R,True,116th
Spano Ross,FL,Florida Congressional District 15,Rep.,R,True,116th
Wasserman Schultz Debbie,FL,Florida Congressional District 23,Rep.,D,True,116th
Posey Bill,FL,Florida Congressional District 8,Rep.,R,True,116th
Bilirakis Gus,FL,Florida Congressional District 12,Rep.,R,True,116th
Mast Brian,FL,Florida Congressional District 18,Rep.,R,True,116th
Dunn Neal,FL,Florida Congressional District 2,Rep.,R,True,116th
Hastings Alcee,FL,Florida Congressional District 20,Rep.,D,True,116th
Diaz-Balart Mario,FL,Florida Congressional District 25,Rep.,R,True,116th
Frankel Lois,FL,Florida Congressional District 21,Rep.,D,True,116th
Yoho Ted,FL,Florida Congressional District 3,Rep.,R,True,116th
Demings Val,FL,Florida Congressional District 10,Rep.,D,True,116th
Rutherford John,FL,Florida Congressional District 4,Rep.,R,True,116th
Ferguson Drew,GA,Georgia Congressional District 3,Rep.,R,True,116th
Hice Jody,GA,Georgia Congressional District 10,Rep.,R,True,116th
Johnson Hank,GA,Georgia Congressional District 4,Rep.,D,True,116th
Lewis John,GA,Georgia Congressional District 5,Rep.,D,True,116th
Scott David,GA,Georgia Congressional District 13,Rep.,D,True,116th
Collins Doug,GA,Georgia Congressional District 9,Rep.,R,True,116th
Woodall Rob,GA,Georgia Congressional District 7,Rep.,R,True,116th
Bishop Sanford,GA,Georgia Congressional District 2,Rep.,D,True,116th
McBath Lucy,GA,Georgia Congressional District 6,Rep.,D,True,116th
Graves Tom,GA,Georgia Congressional District 14,Rep.,R,True,116th
Carter Buddy,GA,Georgia Congressional District 1,Rep.,R,True,116th
Loudermilk Barry,GA,Georgia Congressional District 11,Rep.,R,True,116th
Allen Rick,GA,Georgia Congressional District 12,Rep.,R,True,116th
Scott Austin,GA,Georgia Congressional District 8,Rep.,D,True,116th
Harris Andy,MD,Maryland Congressional District 1,Rep.,R,True,116th
Sarbanes John,MD,Maryland Congressional District 3,Rep.,D,True,116th
Brown Anthony,MD,Maryland Congressional District 4,Rep.,D,True,116th
Hoyer Steny,MD,Maryland Congressional District 5,Rep.,D,True,116th
Mfume Kweisi,MD,Maryland Congressional District 7,Rep.,D,True,116th
Ruppersberger Dutch,MD,Maryland Congressional District 2,Rep.,D,True,116th
Trone David,MD,Maryland Congressional District 6,Rep.,D,True,116th
Raskin Jamie,MD,Maryland Congressional District 8,Rep.,D,True,116th
Butterfield G.K.,NC,North Carolina Congressional District 1,Rep.,D,True,116th
Rouzer David,NC,North Carolina Congressional District 7,Rep.,R,True,116th
Holding George,NC,North Carolina Congressional District 2,Rep.,R,True,116th
Walker Mark,NC,North Carolina Congressional District 6,Rep.,R,True,116th
Murphy Greg,NC,North Carolina Congressional District 3,Rep.,R,True,116th
McHenry Patrick,NC,North Carolina Congressional District 10,Rep.,R,True,116th
Price David,NC,North Carolina Congressional District 4,Rep.,D,True,116th
Foxx Virginia,NC,North Carolina Congressional District 5,Rep.,R,True,116th
Budd Ted,NC,North Carolina Congressional District 13,Rep.,R,True,116th
Meadows (resigned) Mark,NC,North Carolina Congressional District 11,Rep.,R,True,116th
Bishop Dan,NC,North Carolina Congressional District 9,Rep.,R,True,116th
Hudson Richard,NC,North Carolina Congressional District 8,Rep.,R,True,116th
Adams Alma,NC,North Carolina Congressional District 12,Rep.,D,True,116th
Cunningham Joe,SC,South Carolina Congressional District 1,Rep.,D,True,116th
Duncan Jeff,SC,South Carolina Congressional District 3,Rep.,R,True,116th
Timmons William,SC,South Carolina Congressional District 4,Rep.,R,True,116th
Norman Ralph,SC,South Carolina Congressional District 5,Rep.,R,True,116th
Rice Tom,SC,South Carolina Congressional District 7,Rep.,R,True,116th
Wilson Joe,SC,South Carolina Congressional District 2,Rep.,R,True,116th
Clyburn Jim,SC,South Carolina Congressional District 6,Rep.,D,True,116th
Wittman Rob,VA,Virginia Congressional District 1,Rep.,R,True,116th
Scott Bobby,VA,Virginia Congressional District 3,Rep.,D,True,116th
Wexton Jennifer,VA,Virginia Congressional District 10,Rep.,D,True,116th
Riggleman Denver,VA,Virginia Congressional District 5,Rep.,R,True,116th
McEachin Donald,VA,Virginia Congressional District 4,Rep.,D,True,116th
Spanberger Abigail,VA,Virginia Congressional District 7,Rep.,D,True,116th
Luria Elaine,VA,Virginia Congressional District 2,Rep.,D,True,116th
Connolly Gerry,VA,Virginia Congressional District 11,Rep.,D,True,116th
Griffith Morgan,VA,Virginia Congressional District 9,Rep.,R,True,116th
Cline Ben,VA,Virginia Congressional District 6,Rep.,R,True,116th
Beyer Don,VA,Virginia Congressional District 8,Rep.,D,True,116th
McKinley David,WV,West Virginia Congressional District 1,Rep.,R,True,116th
Miller Carol,WV,West Virginia Congressional District 3,Rep.,R,True,116th
Mooney Alex,WV,West Virginia Congressional District 2,Rep.,R,True,116th
Byrne Bradley,AL,Alabama Congressional District 1,Rep.,R,True,116th
Rogers Mike,AL,Alabama Congressional District 3,Rep.,R,True,116th
Brooks Mo,AL,Alabama Congressional District 5,Rep.,R,True,116th
Aderholt Robert,AL,Alabama Congressional District 4,Rep.,R,True,116th
Sewell Terri,AL,Alabama Congressional District 7,Rep.,D,True,116th
Roby Martha,AL,Alabama Congressional District 2,Rep.,R,True,116th
Palmer Gary,AL,Alabama Congressional District 6,Rep.,R,True,116th
Guthrie Brett,KY,Kentucky Congressional District 2,Rep.,R,True,116th
Barr Andy,KY,Kentucky Congressional District 6,Rep.,R,True,116th
Comer James,KY,Kentucky Congressional District 1,Rep.,R,True,116th
Yarmuth John,KY,Kentucky Congressional District 3,Rep.,D,True,116th
Rogers Hal,KY,Kentucky Congressional District 5,Rep.,R,True,116th
Massie Thomas,KY,Kentucky Congressional District 4,Rep.,R,True,116th
Kelly Trent,MS,Mississippi Congressional District 1,Rep.,R,True,116th
Guest Michael,MS,Mississippi Congressional District 3,Rep.,R,True,116th
Palazzo Steven,MS,Mississippi Congressional District 4,Rep.,R,True,116th
Thompson Bennie,MS,Mississippi Congressional District 2,Rep.,D,True,116th
Roe Phil,TN,Tennessee Congressional District 1,Rep.,R,True,116th
Fleischmann Chuck,TN,Tennessee Congressional District 3,Rep.,R,True,116th
Cooper Jim,TN,Tennessee Congressional District 5,Rep.,D,True,116th
DesJarlais Scott,TN,Tennessee Congressional District 4,Rep.,R,True,116th
Green Mark,TN,Tennessee Congressional District 7,Rep.,R,True,116th
Burchett Tim,TN,Tennessee Congressional District 2,Rep.,R,True,116th
Kustoff David,TN,Tennessee Congressional District 8,Rep.,R,True,116th
Cohen Steve,TN,Tennessee Congressional District 9,Rep.,D,True,116th
Rose John,TN,Tennessee Congressional District 6,Rep.,R,True,116th
Crawford Rick,AR,Arkansas Congressional District 1,Rep.,R,True,116th
Womack Steve,AR,Arkansas Congressional District 3,Rep.,R,True,116th
Westerman Bruce,AR,Arkansas Congressional District 4,Rep.,R,True,116th
Hill French,AR,Arkansas Congressional District 2,Rep.,R,True,116th
Johnson Mike,LA,Louisiana Congressional District 4,Rep.,R,True,116th
Richmond Cedric,LA,Louisiana Congressional District 2,Rep.,D,True,116th
Graves Garret,LA,Louisiana Congressional District 6,Rep.,R,True,116th
Scalise Steve,LA,Louisiana Congressional District 1,Rep.,R,True,116th
Higgins Clay,LA,Louisiana Congressional District 3,Rep.,R,True,116th
Abraham Ralph,LA,Louisiana Congressional District 5,Rep.,R,True,116th
Hern Kevin,OK,Oklahoma Congressional District 1,Rep.,R,True,116th
Lucas Frank,OK,Oklahoma Congressional District 3,Rep.,R,True,116th
Horn Kendra,OK,Oklahoma Congressional District 5,Rep.,D,True,116th
Cole Tom,OK,Oklahoma Congressional District 4,Rep.,R,True,116th
Mullin Markwayne,OK,Oklahoma Congressional District 2,Rep.,R,True,116th
Cuellar Henry,TX,Texas Congressional District 28,Rep.,D,True,116th
Gohmert Louie,TX,Texas Congressional District 1,Rep.,R,True,116th
Garcia Sylvia,TX,Texas Congressional District 29,Rep.,D,True,116th
Fletcher Lizzie,TX,Texas Congressional District 7,Rep.,D,True,116th
Cloud Michael,TX,Texas Congressional District 27,Rep.,R,True,116th
Wright Ron,TX,Texas Congressional District 6,Rep.,R,True,116th
Flores Bill,TX,Texas Congressional District 17,Rep.,R,True,116th
Weber Randy,TX,Texas Congressional District 14,Rep.,R,True,116th
Babin Brian,TX,Texas Congressional District 36,Rep.,R,True,116th
Gooden Lance,TX,Texas Congressional District 5,Rep.,R,True,116th
Escobar Veronica,TX,Texas Congressional District 16,Rep.,D,True,116th
Marchant Kenny,TX,Texas Congressional District 24,Rep.,R,True,116th
Veasey Marc,TX,Texas Congressional District 33,Rep.,D,True,116th
Conaway Mike,TX,Texas Congressional District 11,Rep.,R,True,116th
González Vicente,TX,Texas Congressional District 15,Rep.,D,True,116th
Hurd Will,TX,Texas Congressional District 23,Rep.,R,True,116th
Granger Kay,TX,Texas Congressional District 12,Rep.,R,True,116th
Brady Kevin,TX,Texas Congressional District 8,Rep.,R,True,116th
Vela Filemon,TX,Texas Congressional District 34,Rep.,D,True,116th
Johnson Eddie Bernice,TX,Texas Congressional District 30,Rep.,D,True,116th
Lee Shelia Jackson,TX,Texas Congressional District 18,Rep.,D,True,116th
Crenshaw Dan,TX,Texas Congressional District 2,Rep.,R,True,116th
Castro Joaquin,TX,Texas Congressional District 20,Rep.,D,True,116th
Carter John,TX,Texas Congressional District 31,Rep.,R,True,116th
Williams Roger,TX,Texas Congressional District 25,Rep.,R,True,116th
Allred Colin,TX,Texas Congressional District 32,Rep.,D,True,116th
Roy Chip,TX,Texas Congressional District 21,Rep.,R,True,116th
Taylor Van,TX,Texas Congressional District 3,Rep.,R,True,116th
McCaul Michael,TX,Texas Congressional District 10,Rep.,R,True,116th
Ratcliffe (resigned) John,TX,Texas Congressional District 4,Rep.,R,True,116th
Doggett Lloyd,TX,Texas Congressional District 35,Rep.,D,True,116th
Thornberry Mac,TX,Texas Congressional District 13,Rep.,R,True,116th
Burgess Michael,TX,Texas Congressional District 26,Rep.,R,True,116th
Olson Pete,TX,Texas Congressional District 22,Rep.,R,True,116th
Green Al,TX,Texas Congressional District 9,Rep.,D,True,116th
Arrington Jodey,TX,Texas Congressional District 19,Rep.,R,True,116th
O'Halleran Tom,AZ,Arizona Congressional District 1,Rep.,D,True,116th
Grijalva Raúl,AZ,Arizona Congressional District 3,Rep.,D,True,116th
Biggs Andy,AZ,Arizona Congressional District 5,Rep.,R,True,116th
Gosar Paul,AZ,Arizona Congressional District 4,Rep.,R,True,116th
Gallego Ruben,AZ,Arizona Congressional District 7,Rep.,D,True,116th
Kirkpatrick Ann,AZ,Arizona Congressional District 2,Rep.,D,True,116th
Stanton Greg,AZ,Arizona Congressional District 9,Rep.,D,True,116th
Schweikert David,AZ,Arizona Congressional District 6,Rep.,R,True,116th
Lesko Debbie,AZ,Arizona Congressional District 8,Rep.,R,True,116th
DeGette Diana,CO,Colorado Congressional District 1,Rep.,D,True,116th
Tipton Scott,CO,Colorado Congressional District 3,Rep.,R,True,116th
Lamborn Doug,CO,Colorado Congressional District 5,Rep.,R,True,116th
Buck Ken,CO,Colorado Congressional District 4,Rep.,R,True,116th
Perlmutter Ed,CO,Colorado Congressional District 7,Rep.,D,True,116th
Neguse Joe,CO,Colorado Congressional District 2,Rep.,D,True,116th
Crow Jason,CO,Colorado Congressional District 6,Rep.,D,True,116th
Fulcher Russ,ID,Idaho Congressional District 1,Rep.,R,True,116th
Simpson Mike,ID,Idaho Congressional District 2,Rep.,R,True,116th
Gianforte Greg,MT,Montana Congressional District (at Large),Rep.,R,True,116th
Titus Dina,NV,Nevada Congressional District 1,Rep.,D,True,116th
Lee Susie,NV,Nevada Congressional District 3,Rep.,D,True,116th
Horsford Steven,NV,Nevada Congressional District 4,Rep.,D,True,116th
Amodei Mark,NV,Nevada Congressional District 2,Rep.,R,True,116th
Haaland Deb,NM,New Mexico Congressional District 1,Rep.,D,True,116th
Luján Ben Ray,NM,New Mexico Congressional District 3,Rep.,D,True,116th
Torres Small Xochitl,NM,New Mexico Congressional District 2,Rep.,D,True,116th
Bishop Rob,UT,Utah Congressional District 1,Rep.,R,True,116th
Curtis John,UT,Utah Congressional District 3,Rep.,R,True,116th
McAdams Ben,UT,Utah Congressional District 4,Rep.,D,True,116th
Stewart Chris,UT,Utah Congressional District 2,Rep.,R,True,116th
Cheney Liz,WY,Wyoming Congressional District (at Large),Rep.,R,True,116th
Young Don,AK,Alaska Congressional District (at Large),Rep.,R,True,116th
Ruiz Raul,CA,California Congressional District 36,Rep.,D,True,116th
Costa Jim,CA,California Congressional District 16,Rep.,D,True,116th
Correa Lou,CA,California Congressional District 46,Rep.,D,True,116th
Bass Karen,CA,California Congressional District 37,Rep.,D,True,116th
Lieu Ted,CA,California Congressional District 33,Rep.,D,True,116th
Swalwell Eric,CA,California Congressional District 15,Rep.,D,True,116th
Davis Susan,CA,California Congressional District 53,Rep.,D,True,116th
Lowenthal Alan,CA,California Congressional District 47,Rep.,D,True,116th
Aguilar Pete,CA,California Congressional District 31,Rep.,D,True,116th
Garamendi John,CA,California Congressional District 3,Rep.,D,True,116th
Cox T.J.,CA,California Congressional District 21,Rep.,D,True,116th
Rouda Harley,CA,California Congressional District 48,Rep.,D,True,116th
Harder Josh,CA,California Congressional District 10,Rep.,D,True,116th
Gomez Jimmy,CA,California Congressional District 34,Rep.,D,True,116th
Peters Scott,CA,California Congressional District 52,Rep.,D,True,116th
Sherman Brad,CA,California Congressional District 30,Rep.,D,True,116th
Eshoo Anna,CA,California Congressional District 18,Rep.,D,True,116th
Panetta Jimmy,CA,California Congressional District 20,Rep.,D,True,116th
Calvert Ken,CA,California Congressional District 42,Rep.,R,True,116th
Garcia Mike,CA,California Congressional District 25,Rep.,R,True,116th
Napolitano Grace,CA,California Congressional District 32,Rep.,D,True,116th
Waters Maxine,CA,California Congressional District 43,Rep.,D,True,116th
Torres Norma,CA,California Congressional District 35,Rep.,D,True,116th
Lee Barbara,CA,California Congressional District 13,Rep.,D,True,116th
Brownley Julia,CA,California Congressional District 26,Rep.,D,True,116th
Barragan Nanette,CA,California Congressional District 44,Rep.,D,True,116th
Lofgren Zoe,CA,California Congressional District 19,Rep.,D,True,116th
Levin Mike,CA,California Congressional District 49,Rep.,D,True,116th
Thompson Mike,CA,California Congressional District 5,Rep.,D,True,116th
Carbajal Salud,CA,California Congressional District 24,Rep.,D,True,116th
Cardenas Tony,CA,California Congressional District 29,Rep.,D,True,116th
Bera Ami,CA,California Congressional District 7,Rep.,D,True,116th
Matsui Doris,CA,California Congressional District 6,Rep.,D,True,116th
Cisneros Gil,CA,California Congressional District 39,Rep.,D,True,116th
DeSaulnier Mark,CA,California Congressional District 11,Rep.,D,True,116th
Hunter (Resigned) Duncan,CA,California Congressional District 50,Rep.,R,True,116th
McCarthy Kevin,CA,California Congressional District 23,Rep.,R,True,116th
Cook Paul,CA,California Congressional District 8,Rep.,R,True,116th
Vargas Juan,CA,California Congressional District 51,Rep.,D,True,116th
Schiff Adam,CA,California Congressional District 28,Rep.,D,True,116th
LaMalfa Doug,CA,California Congressional District 1,Rep.,R,True,116th
Roybal-Allard Lucille,CA,California Congressional District 40,Rep.,D,True,116th
Pelosi Nancy,CA,California Congressional District 12,Rep.,D,True,116th
Porter Katie,CA,California Congressional District 45,Rep.,D,True,116th
McClintock Tom,CA,California Congressional District 4,Rep.,R,True,116th
Nunes Devin,CA,California Congressional District 22,Rep.,R,True,116th
McNerney Jerry,CA,California Congressional District 9,Rep.,D,True,116th
Takano Mark,CA,California Congressional District 41,Rep.,D,True,116th
Chu Judy,CA,California Congressional District 27,Rep.,D,True,116th
Khanna Ro,CA,California Congressional District 17,Rep.,D,True,116th
Speier Jackie,CA,California Congressional District 14,Rep.,D,True,116th
Huffman Jared,CA,California Congressional District 2,Rep.,D,True,116th
Sánchez Linda,CA,California Congressional District 38,Rep.,D,True,116th
Case Ed,HI,Hawaii Congressional District 1,Rep.,D,True,116th
Gabbard Tulsi,HI,Hawaii Congressional District 2,Rep.,D,True,116th
Bonamici Suzanne,OR,Oregon Congressional District 1,Rep.,D,True,116th
Blumenauer Earl,OR,Oregon Congressional District 3,Rep.,D,True,116th
Schrader Kurt,OR,Oregon Congressional District 5,Rep.,D,True,116th
DeFazio Peter,OR,Oregon Congressional District 4,Rep.,D,True,116th
Walden Greg,OR,Oregon Congressional District 2,Rep.,R,True,116th
DelBene Suzan,WA,Washington Congressional District 1,Rep.,D,True,116th
Beutler Jaime Herrera,WA,Washington Congressional District 3,Rep.,R,True,116th
Heck Denny,WA,Washington Congressional District 10,Rep.,D,True,116th
McMorris Rodgers Cathy,WA,Washington Congressional District 5,Rep.,R,True,116th
Newhouse Dan,WA,Washington Congressional District 4,Rep.,R,True,116th
Jayapal Pramila,WA,Washington Congressional District 7,Rep.,D,True,116th
Larsen Rick,WA,Washington Congressional District 2,Rep.,D,True,116th
Smith Adam,WA,Washington Congressional District 9,Rep.,D,True,116th
Kilmer Derek,WA,Washington Congressional District 6,Rep.,D,True,116th
Schrier Kim,WA,Washington Congressional District 8,Rep.,D,True,116th
Alexander Lamar,TN,Tennessee,Sen.,R,True,116th
Baldwin Tammy,WI,Wisconsin,Sen.,D,True,116th
Barrasso John,WY,Wyoming,Sen.,R,True,116th
Bennet Michael,CO,Colorado,Sen.,D,True,116th
Blackburn Marsha,TN,Tennessee,Sen.,R,True,116th
Blumenthal Richard,CT,Connecticut,Sen.,D,True,116th
Blunt Roy,MO,Missouri,Sen.,R,True,116th
Booker Cory,NJ,New Jersey,Sen.,D,True,116th
Boozman John,AR,Arkansas,Sen.,R,True,116th
Braun Mike,IN,Indiana,Sen.,R,True,116th
Brown Sherrod,OH,Ohio,Sen.,D,True,116th
Burr Richard,NC,North Carolina,Sen.,R,True,116th
Cantwell Maria,WA,Washington,Sen.,D,True,116th
Capito Shelley,WV,West Virginia,Sen.,R,True,116th
Cardin Benjamin,MD,Maryland,Sen.,D,True,116th
Carper Thomas,DE,Delaware,Sen.,D,True,116th
Casey Bob,PA,Pennsylvania,Sen.,D,True,116th
Cassidy Bill,LA,Louisiana,Sen.,R,True,116th
Collins Susan,ME,Maine,Sen.,R,True,116th
Coons Chris,DE,Delaware,Sen.,D,True,116th
Cornyn John,TX,Texas,Sen.,R,True,116th
Cortez Masto Catherine,NV,Nevada,Sen.,D,True,116th
Cotton Tom,AR,Arkansas,Sen.,R,True,116th
Cramer Kevin,ND,North Dakota,Sen.,R,True,116th
Crapo Michael,ID,Idaho,Sen.,R,True,116th
Cruz Ted,TX,Texas,Sen.,R,True,116th
Daines Steve,MT,Montana,Sen.,R,True,116th
Duckworth Tammy,IL,Illinois,Sen.,D,True,116th
Durbin Richard,IL,Illinois,Sen.,D,True,116th
Enzi Michael,WY,Wyoming,Sen.,R,True,116th
Ernst Joni,IA,Iowa,Sen.,R,True,116th
Feinstein Dianne,CA,California,Sen.,D,True,116th
Fischer Deb,NE,Nebraska,Sen.,R,True,116th
Gardner Cory,CO,Colorado,Sen.,R,True,116th
Gillibrand Kirsten,NY,New York,Sen.,D,True,116th
Graham Lindsey,SC,South Carolina,Sen.,R,True,116th
Grassley Charles,IA,Iowa,Sen.,R,True,116th
Harris Kamala,CA,California,Sen.,D,True,116th
Hassan Maggie,NH,New Hampshire,Sen.,D,True,116th
Hawley Josh,MO,Missouri,Sen.,R,True,116th
Heinrich Martin,NM,New Mexico,Sen.,D,True,116th
Hirono Mazie,HI,Hawaii,Sen.,D,True,116th
Hoeven John,ND,North Dakota,Sen.,R,True,116th
Hyde-Smith Cindy,MS,Mississippi,Sen.,R,True,116th
Inhofe James,OK,Oklahoma,Sen.,R,True,116th
Johnson Ron,WI,Wisconsin,Sen.,R,True,116th
Jones Doug,AL,Alabama,Sen.,D,True,116th
Kaine Tim,VA,Virginia,Sen.,D,True,116th
Kennedy John,LA,Louisiana,Sen.,R,True,116th
King Angus,ME,Maine,Sen.,I,True,116th
Klobuchar Amy,MN,Minnesota,Sen.,D,True,116th
Lankford James,OK,Oklahoma,Sen.,R,True,116th
Leahy Patrick,VT,Vermont,Sen.,D,True,116th
Lee Mike,UT,Utah,Sen.,R,True,116th
Loeffler Kelly,GA,Georgia,Sen.,R,True,116th
Manchin Joe,WV,West Virginia,Sen.,D,True,116th
Markey Edward,MA,Massachusetts,Sen.,D,True,116th
McConnell Mitch,KY,Kentucky,Sen.,R,True,116th
McSally Martha,AZ,Arizona,Sen.,R,True,116th
Menendez Bob,NJ,New Jersey,Sen.,D,True,116th
Merkley Jeff,OR,Oregon,Sen.,D,True,116th
Moran Jerry,KS,Kansas,Sen.,R,True,116th
Murkowski Lisa,AK,Alaska,Sen.,R,True,116th
Murphy Christopher,CT,Connecticut,Sen.,D,True,116th
Murray Patty,WA,Washington,Sen.,D,True,116th
Paul Rand,KY,Kentucky,Sen.,R,True,116th
Perdue David,GA,Georgia,Sen.,R,True,116th
Peters Gary,MI,Michigan,Sen.,D,True,116th
Portman Rob,OH,Ohio,Sen.,R,True,116th
Reed Jack,RI,Rhode Island,Sen.,D,True,116th
Risch Jim,ID,Idaho,Sen.,R,True,116th
Roberts Pat,KS,Kansas,Sen.,R,True,116th
Romney Mitt,UT,Utah,Sen.,R,True,116th
Rosen Jacky,NV,Nevada,Sen.,D,True,116th
Rounds Mike,SD,South Dakota,Sen.,R,True,116th
Rubio Marco,FL,Florida,Sen.,R,True,116th
Sanders Bernie,VT,Vermont,Sen.,I,True,116th
Sasse Ben,NE,Nebraska,Sen.,R,True,116th
Schatz Brian,HI,Hawaii,Sen.,D,True,116th
Schumer Charles,NY,New York,Sen.,D,True,116th
Scott Rick,FL,Florida,Sen.,R,True,116th
Scott Tim,SC,South Carolina,Sen.,R,True,116th
Shaheen Jeanne,NH,New Hampshire,Sen.,D,True,116th
Shelby Richard,AL,Alabama,Sen.,R,True,116th
Sinema Kyrsten,AZ,Arizona,Sen.,D,True,116th
Smith Tina,MN,Minnesota,Sen.,D,True,116th
Stabenow Debbie,MI,Michigan,Sen.,D,True,116th
Sullivan Dan,AK,Alaska,Sen.,R,True,116th
Tester Jon,MT,Montana,Sen.,D,True,116th
Thune John,SD,South Dakota,Sen.,R,True,116th
Tillis Thom,NC,North Carolina,Sen.,R,True,116th
Toomey Patrick,PA,Pennsylvania,Sen.,R,True,116th
Udall Tom,NM,New Mexico,Sen.,D,True,116th
Van Hollen Chris,MD,Maryland,Sen.,D,True,116th
Warner Mark,VA,Virginia,Sen.,D,True,116th
Warren Elizabeth,MA,Massachusetts,Sen.,D,True,116th
Whitehouse Sheldon,RI,Rhode Island,Sen.,D,True,116th
Wicker Roger,MS,Mississippi,Sen.,R,True,116th
Wyden Ron,OR,Oregon,Sen.,D,True,116th
Young Todd,IN,Indiana,Sen.,R,True,116th
